a0001,ch001,cv001
a0001,ch002,cv002
a0001,ch003,cv003
a0001,ch004,
a0001,ch005,
a0001,ch006,
a0001,ch007,
a0001,ch008,
a0001,ch009,cv007
a0001,ch010,
a0001,ch011,
a0002,ch012,cv004
a0002,ch013,cv005
a0002,ch014,
a0002,ch015,cv007
a0002,ch016,cv008
a0003,ch017,
a0003,ch018,
a0003,ch019,
a0003,ch020,
a0003,ch021,
a0003,ch022,
a0003,ch023,
a0003,ch024,
a0003,ch025,
a0003,ch026,
a0004,ch027,cv009
a0004,ch028,cv032
a0004,ch029,cv011
a0004,ch030,cv010
a0004,ch031,cv013
a0004,ch032,cv012
a0004,ch033,
a0006,ch034,cv014
a0006,ch035,cv015
a0006,ch036,
a0006,ch037,
a0006,ch038,cv022
a0006,ch039,
a0006,ch040,
a0006,ch041,cv003
a0006,ch042,cv007
a0007,ch043,
a0007,ch044,
a0007,ch045,cv020
a0007,ch046,
a0007,ch047,
a0008,ch048,cv016
a0008,ch049,
a0008,ch050,cv020
a0008,ch051,cv018
a0008,ch052,
a0008,ch053,cv021
a0008,ch054,
a0008,ch055,
a0008,ch056,cv019
a0009,ch057,
a0009,ch058,
a0009,ch059,
a0009,ch060,
a0009,ch061,
a0010,ch062,cv022
a0010,ch063,cv003
a0010,ch064,
a0010,ch065,
a0010,ch066,
a0010,ch067,
a0010,ch068,
a0010,ch069,
a0010,ch070,
a0011,ch071,
a0011,ch072,
a0011,ch073,
a0011,ch074,
a0011,ch075,
a0011,ch076,cv021
a0011,ch077,
a0011,ch078,
a0012,ch079,cv025
a0012,ch080,cv024
a0012,ch081,
a0012,ch082,
a0012,ch083,
a0013,ch084,
a0013,ch085,cv027
a0013,ch086,cv028
a0013,ch087,cv029
a0013,ch088,
a0014,ch089,cv019
a0014,ch090,
a0014,ch091,
a0014,ch092,
a0014,ch093,
a0014,ch094,
a0014,ch095,
a0014,ch096,
a0014,ch097,
a0014,ch098,
a0015,ch099,cv030
a0015,ch100,cv009
a0015,ch101,cv031
a0015,ch102,cv032
a0015,ch103,
a0015,ch104,cv002
a0016,ch105,cv022
a0016,ch106,
a0016,ch107,
a0016,ch108,
a0016,ch109,
a0016,ch110,
a0016,ch111,
a0017,ch112,
a0017,ch113,cv017
a0017,ch114,
a0017,ch115,
a0017,ch116,
a0017,ch117,
a0018,ch118,
a0018,ch119,
a0018,ch120,
a0018,ch121,
a0018,ch122,
a0019,ch123,
a0019,ch124,
a0019,ch125,
a0019,ch126,
a0019,ch127,
a0019,ch128,
a0019,ch129,
a0019,ch130,
a0020,ch131,cv032
a0020,ch132,
a0020,ch133,
a0020,ch134,cv031
a0021,ch135,
a0021,ch136,cv005
a0021,ch137,
a0021,ch138,
a0021,ch139,
a0022,ch140,
a0022,ch141,
a0022,ch142,
a0022,ch143,
a0022,ch144,
a0022,ch145,
a0022,ch146,
a0022,ch147,cv028
a0022,ch148,
a0023,ch149,
a0023,ch150,
a0023,ch151,cv007
a0023,ch152,
a0023,ch153,cv008
a0023,ch154,
a0024,ch155,
a0024,ch156,
a0024,ch157,
a0024,ch158,
a0024,ch159,
a0025,ch160,
a0025,ch161,
a0025,ch162,
a0025,ch163,
a0026,ch164,
a0026,ch165,
a0026,ch166,cv032
a0026,ch167,
a0026,ch168,
a0027,ch169,
a0027,ch170,
a0027,ch171,
a0027,ch172,
a0027,ch173,
a0027,ch174,
a0028,ch175,
a0028,ch176,
a0028,ch177,
a0028,ch178,
a0028,ch179,
a0028,ch180,
a0029,ch181,
a0029,ch182,
a0029,ch183,
a0029,ch184,
a0029,ch185,
a0029,ch186,
a0029,ch187,cv029
a0030,ch188,
a0030,ch189,cv043
a0030,ch190,
a0030,ch191,
a0030,ch192,
a0030,ch193,
a0030,ch194,
a0030,ch195,
a0030,ch196,
a0030,ch197,
a0031,ch198,
a0031,ch199,cv011
a0031,ch200,cv023
a0031,ch201,cv006
a0031,ch202,
a0032,ch203,cv014
a0032,ch204,
a0032,ch205,cv058
a0032,ch206,
a0032,ch207,cv045
a0032,ch208,
a0032,ch209,
a0033,ch210,
a0033,ch211,cv030
a0033,ch212,
a0033,ch213,
a0033,ch214,
a0033,ch215,
a0034,ch216,
a0034,ch217,
a0034,ch218,cv023
a0034,ch219,cv021
a0035,ch220,
a0035,ch221,
a0035,ch222,
a0035,ch223,
a0035,ch224,
a0035,ch225,
a0035,ch226,
a0036,ch227,
a0036,ch228,
a0036,ch229,
a0036,ch230,
a0036,ch231,
a0036,ch232,
a0036,ch233,
a0036,ch234,
a0036,ch235,cv055
a0037,ch236,
a0037,ch237,
a0037,ch238,
a0037,ch239,
a0037,ch240,
a0037,ch241,
a0037,ch242,
a0037,ch243,
a0037,ch244,
a0038,ch245,
a0038,ch246,
a0038,ch247,
a0038,ch248,cv045
a0039,ch249,
a0040,ch250,
a0040,ch251,
a0041,ch252,
a0041,ch253,
a0041,ch254,
a0041,ch255,
a0041,ch256,
a0041,ch257,
a0041,ch258,
a0041,ch259,
a0041,ch260,
a0042,ch261,
a0042,ch262,
a0042,ch263,
a0042,ch264,
a0042,ch265,
a0042,ch266,
a0042,ch267,
a0043,ch268,
a0043,ch269,
a0043,ch270,
a0043,ch271,
a0043,ch272,
a0043,ch273,
a0043,ch274,
a0044,ch275,
a0044,ch276,
a0044,ch277,
a0044,ch278,
a0044,ch279,
a0045,ch280,
a0045,ch281,
a0045,ch282,
a0046,ch283,
a0046,ch284,
a0046,ch285,
a0047,ch286,cv005
a0047,ch287,
a0047,ch288,
a0047,ch289,
a0047,ch290,
a0047,ch291,
a0047,ch292,
a0047,ch293,
a0047,ch294,
a0049,ch295,
a0049,ch296,
a0049,ch297,
a0049,ch298,
a0049,ch299,cv021
a0050,ch300,
a0050,ch301,
a0050,ch302,cv023
a0050,ch303,cv042
a0050,ch304,
a0050,ch305,
a0050,ch306,
a0051,ch307,
a0051,ch308,
a0051,ch309,
a0051,ch310,
a0051,ch311,
a0051,ch312,
a0051,ch313,
a0051,ch314,cv001
a0051,ch315,
a0052,ch316,
a0052,ch317,cv008
a0052,ch318,
a0052,ch319,
a0052,ch320,
a0052,ch321,